-- phpMyAdmin SQL Dump
-- version 4.6.0
-- http://www.phpmyadmin.net
--
-- Хост: srv-db-plesk13.ps.kz:3306
-- Время создания: Авг 26 2016 г., 15:08
-- Версия сервера: 5.5.47-MariaDB
-- Версия PHP: 5.6.14

SET SQL_MODE = "NO_AUTO_VALUE_ON_ZERO";
SET time_zone = "+00:00";


/*!40101 SET @OLD_CHARACTER_SET_CLIENT=@@CHARACTER_SET_CLIENT */;
/*!40101 SET @OLD_CHARACTER_SET_RESULTS=@@CHARACTER_SET_RESULTS */;
/*!40101 SET @OLD_COLLATION_CONNECTION=@@COLLATION_CONNECTION */;
/*!40101 SET NAMES utf8mb4 */;

--
-- База данных: `freshbr1_bot`
--

-- --------------------------------------------------------

--
-- Структура таблицы `atm`
--

CREATE TABLE `atm` (
  `id` int(11) NOT NULL,
  `name` varchar(255) NOT NULL,
  `address` varchar(255) NOT NULL,
  `descr` varchar(255) NOT NULL,
  `lat` float(10,6) NOT NULL,
  `lng` float(10,6) NOT NULL
) ENGINE=InnoDB DEFAULT CHARSET=utf8;

--
-- Дамп данных таблицы `atm`
--

INSERT INTO `atm` (`id`, `name`, `address`, `descr`, `lat`, `lng`) VALUES
(1, 'БЦ Нурлы Тау', 'г. Алматы, пр. Аль – фараби 13/1 ', 'круглосуточно', 43.231377, 76.945442),
(2, 'БЦ Нурлы Тау', 'г. Алматы, пр. Аль – фараби 13/1 ', 'с 9:00 до 18:00', 43.231377, 76.945442),
(3, 'БЦ Нурлы Тау', '\'г. Алматы, пр. Аль – фараби 13/1', 'с 9:00 до 18:00', 43.231377, 76.945442),
(4, 'УДО "Самал" ', 'г. Алматы, мкр. Самал-2, д. 105 ', 'круглосуточно', 43.233868, 76.952736),
(5, 'ТД "Достык Плаза" ', 'г. Алматы, пр. Достык 159/ул. Жолдасбекова ', 'с 9:00 до 24:00', 43.233555, 76.957687);

-- --------------------------------------------------------

--
-- Структура таблицы `markers`
--

CREATE TABLE `markers` (
  `id` int(11) NOT NULL,
  `name` varchar(60) NOT NULL,
  `address` varchar(80) NOT NULL,
  `phone` varchar(255) NOT NULL,
  `lat` float(10,6) NOT NULL,
  `lng` float(10,6) NOT NULL
) ENGINE=MyISAM DEFAULT CHARSET=utf8;

--
-- Дамп данных таблицы `markers`
--

INSERT INTO `markers` (`id`, `name`, `address`, `phone`, `lat`, `lng`) VALUES
(1, 'Подразделение филиала № 109 ', 'г. Алматы, ул. Карасай батыра 125, уг. ул. Муратбаева', '8(727) 321 23 73, 321 23 74, 321 23 72 ', 43.250080, 76.919548),
(2, 'Центральный офис', 'г. Алматы, пр. Аль-Фараби, д. 13/1', '8(727) 266 35 68', 43.231377, 76.945442),
(3, 'Подразделение филиала № 112', 'г. Алматы, пр. Достык 38, БЦ "Кен Дала", этаж 1', '8(727) 266 90 09 ', 43.252304, 76.956924),
(4, 'Филиал в г. Алматы', 'г. Алматы, ул. Гоголя/Калдаякова, д. 30/26', '8 (727) 250 30 20 ', 43.260391, 76.958710),
(5, 'Подразделение филиала № 3', 'г. Алматы, мкр.Самал-2, д.105', '8 (727) 250-52-14, 250-52-30, 250-52-15, 334-20-33, 334-20-32, 334-20-31 ', 43.233868, 76.952736),
(6, 'Подразделение филиала № 96', 'г. Алматы, пр. Достык, д. 97, офис 3', '8 (727) 258 49 99 ', 43.229702, 76.959801);

-- --------------------------------------------------------

--
-- Структура таблицы `markers_schedule`
--

CREATE TABLE `markers_schedule` (
  `id` int(11) NOT NULL,
  `marker_id` int(11) NOT NULL,
  `day` text NOT NULL,
  `fromthe` varchar(255) NOT NULL,
  `along` varchar(255) NOT NULL
) ENGINE=InnoDB DEFAULT CHARSET=utf8;

--
-- Дамп данных таблицы `markers_schedule`
--

INSERT INTO `markers_schedule` (`id`, `marker_id`, `day`, `fromthe`, `along`) VALUES
(1, 1, 'пн', '9 00', '18 00'),
(2, 1, 'вт', '9 00', '18 00'),
(3, 1, 'ср', '9 00', '18 00'),
(4, 1, 'чт', '9 00', '18 00'),
(5, 1, 'пт', '9 00', '18 00'),
(6, 1, 'сб', '9 00', '15 00'),
(7, 2, 'пн', '9 00', '18 00'),
(8, 2, 'вт', '9 00', '18 00'),
(9, 2, 'ср', '9 00', '18 00'),
(10, 2, 'чт', '9 00', '18 00'),
(11, 2, 'пт', '9 00', '18 00'),
(12, 2, 'сб', '9 00', '14 00'),
(13, 3, 'пн', '9 00', '18 00'),
(14, 3, 'вт', '9 00', '18 00'),
(15, 3, 'ср', '9 00', '18 00'),
(16, 3, 'чт', '9 00', '18 00'),
(17, 3, 'пт', '9 00', '18 00'),
(18, 3, 'сб', '9 00', '15 00'),
(19, 4, 'пн', '9 00', '19 00'),
(20, 4, 'вт', '9 00', '19 00'),
(21, 4, 'ср', '9 00', '19 00'),
(22, 4, 'чт', '9 00', '19 00'),
(23, 4, 'пт', '9 00', '19 00'),
(24, 4, 'сб', '9 00', '15 00'),
(25, 5, 'пн', '9 00', '18 00'),
(26, 5, 'вт', '9 00', '18 00'),
(27, 5, 'ср', '9 00', '18 00'),
(28, 5, 'чт', '9 00', '18 00'),
(29, 5, 'пт', '9 00', '18 00'),
(30, 5, 'сб', '9 00', '15 00'),
(31, 6, 'пн', '9 00', '18 00'),
(32, 6, 'вт', '9 00', '18 00'),
(33, 6, 'ср', '9 00', '18 00'),
(34, 6, 'чт', '9 00', '18 00'),
(35, 6, 'пт', '9 00', '18 00');

-- --------------------------------------------------------

--
-- Структура таблицы `message_queue`
--

CREATE TABLE `message_queue` (
  `id` int(11) NOT NULL,
  `chat_id` int(11) NOT NULL,
  `message_text` varchar(255) NOT NULL
) ENGINE=InnoDB DEFAULT CHARSET=utf8;

--
-- Дамп данных таблицы `message_queue`
--

INSERT INTO `message_queue` (`id`, `chat_id`, `message_text`) VALUES
(158, 148954138, 'Факты и советы'),
(159, 148954138, 'Контакты'),
(163, 107074230, 'Меню'),
(164, 107074230, 'Факты и советы'),
(167, 131983959, 'Факты и советы'),
(213, 133051296, 'Контакты'),
(214, 133051296, 'Меню'),
(234, 70852849, '52.284393,76.967709'),
(235, 70852849, 'Факты и советы'),
(247, 148496854, 'Отделения'),
(248, 148496854, '43.23688,76.883168'),
(259, 131983959, 'Совет'),
(262, 132111055, 'Банкоматы'),
(263, 132111055, '43.233309,76.948044'),
(280, 118015723, 'Контакты'),
(281, 118015723, 'Меню'),
(289, 50045174, 'Контакты'),
(290, 50045174, 'Меню'),
(291, 50045174, 'Валюта'),
(293, 232325073, '43.231631,76.946503'),
(294, 232325073, '/start'),
(296, 196727219, 'Банкоматы'),
(297, 196727219, '43.318294,76.914682'),
(300, 74043295, 'Банкоматы'),
(301, 74043295, '43.199532,76.875041'),
(302, 50045174, 'Валюта'),
(309, 225061816, 'Контакты'),
(310, 225061816, 'Меню'),
(311, 50045174, 'Валюта');

-- --------------------------------------------------------

--
-- Структура таблицы `texts`
--

CREATE TABLE `texts` (
  `id` int(11) DEFAULT NULL,
  `header` varchar(255) NOT NULL,
  `text` varchar(255) NOT NULL,
  `type` int(11) NOT NULL
) ENGINE=InnoDB DEFAULT CHARSET=utf8;

--
-- Дамп данных таблицы `texts`
--

INSERT INTO `texts` (`id`, `header`, `text`, `type`) VALUES
(NULL, 'Совет №1', 'Помните стоимость вещи складывается не только из цены товара, но и из расходов ....', 0),
(NULL, 'Совет №8', 'Если вам пришло СМС-оповещение о списании денежных средств с вашего счета ....', 0),
(NULL, 'Факт №3', 'В 2014 году Сбербанк сделал качественный рывок в развитии ИТ по пути создания высокотехнологичной системы ...', 1),
(NULL, 'Факт №6', 'Сбербанк сегодня - это 14 территориальных банков и более 17 тысяч отделений по всей стране.', 1);

--
-- Индексы сохранённых таблиц
--

--
-- Индексы таблицы `atm`
--
ALTER TABLE `atm`
  ADD PRIMARY KEY (`id`);

--
-- Индексы таблицы `markers`
--
ALTER TABLE `markers`
  ADD PRIMARY KEY (`id`);

--
-- Индексы таблицы `markers_schedule`
--
ALTER TABLE `markers_schedule`
  ADD PRIMARY KEY (`id`);

--
-- Индексы таблицы `message_queue`
--
ALTER TABLE `message_queue`
  ADD PRIMARY KEY (`id`);

--
-- AUTO_INCREMENT для сохранённых таблиц
--

--
-- AUTO_INCREMENT для таблицы `markers`
--
ALTER TABLE `markers`
  MODIFY `id` int(11) NOT NULL AUTO_INCREMENT, AUTO_INCREMENT=7;
--
-- AUTO_INCREMENT для таблицы `markers_schedule`
--
ALTER TABLE `markers_schedule`
  MODIFY `id` int(11) NOT NULL AUTO_INCREMENT, AUTO_INCREMENT=36;
--
-- AUTO_INCREMENT для таблицы `message_queue`
--
ALTER TABLE `message_queue`
  MODIFY `id` int(11) NOT NULL AUTO_INCREMENT, AUTO_INCREMENT=312;
/*!40101 SET CHARACTER_SET_CLIENT=@OLD_CHARACTER_SET_CLIENT */;
/*!40101 SET CHARACTER_SET_RESULTS=@OLD_CHARACTER_SET_RESULTS */;
/*!40101 SET COLLATION_CONNECTION=@OLD_COLLATION_CONNECTION */;
